question,keywords,example
What is your greatest strength?,"strength,skill,ability,expertise,talent","For example, you could say: 'My greatest strength is my problem-solving ability, demonstrated by leading a team to resolve a critical project issue under a tight deadline.'"
What is your biggest weakness?,"weakness,challenge,improve","For example, you could say: 'My biggest weakness is that I sometimes take on too many tasks, but I’ve been improving by prioritizing and delegating effectively, as shown in a recent project where I streamlined team workflows.'"
Why do you want this job?,"motivation,job,career,passion","For example, you could say: 'I’m excited about this role because it aligns with my passion for data analysis and offers opportunities to contribute to innovative projects, like I did when I optimized a company’s reporting system in my previous job.'"
Describe a challenge you faced and how you handled it.,"challenge,problem,solution,overcome","For example, you could say: 'In my last role, I faced a challenge when a key client project was at risk due to a technical issue. I led a team to troubleshoot the problem, implemented a solution under pressure, and delivered the project on time, earning client praise.'"
Where do you see yourself in five years?,"goals,career,vision,progress","For example, you could say: 'In five years, I see myself leading a team in software development, having grown my technical and leadership skills, as I’m currently doing by mentoring junior developers.'"
Why should we hire you?,"value,skills,contribution,fit","For example, you could say: 'You should hire me because my expertise in data science and proven track record of delivering insights, like increasing sales by 10% at my last job, will add immediate value to your team.'"
How do you handle stress and pressure?,"stress,pressure,manage,coping","For example, you could say: 'I handle stress by prioritizing tasks and staying organized, like when I managed a tight project deadline by breaking it into milestones, ensuring timely delivery.'"
What are your salary expectations?,"salary,compensation,expectations","For example, you could say: 'I’m looking for a salary that reflects my experience and the market rate for this role, ideally in the range of industry standards, and I’m open to discussing specifics.'"
Describe a time you worked in a team.,"team,collaboration,cooperation","For example, you could say: 'In my last role, I collaborated with a cross-functional team to launch a product, coordinating tasks and resolving conflicts to meet our deadline.'"
What motivates you to perform well?,"motivation,drive,passion","For example, you could say: 'I’m motivated by solving complex problems and seeing tangible results, like when I optimized a system that improved efficiency by 15%.'"
How do you prioritize tasks?,"prioritize,organization,manage","For example, you could say: 'I prioritize tasks based on urgency and impact, using tools like Trello, as I did to manage a project with multiple deliverables last year.'"
Describe a time you showed leadership.,"leadership,initiative,guide","For example, you could say: 'I took the lead on a stalled project, assigning tasks and motivating the team to deliver it two weeks ahead of schedule.'"
What is your approach to problem-solving?,"problem,solution,approach","For example, you could say: 'I approach problems systematically, analyzing root causes and testing solutions, like when I resolved a database issue by debugging and optimizing queries.'"
How do you handle feedback?,"feedback,receptive,improve","For example, you could say: 'I welcome feedback as a chance to grow, like when I used manager input to improve my presentation skills, leading to better client pitches.'"
What technical skills do you bring to this role?,"technical,skills,expertise","For example, you could say: 'I bring expertise in Python and SQL, used to build data pipelines that reduced processing time by 20% in my last role.'"
Describe a time you failed and what you learned.,"failure,learn,improve","For example, you could say: 'I once missed a project deadline due to poor planning, but I learned to use project management tools, ensuring success in future projects.'"
How do you stay updated in your field?,"learn,update,professional","For example, you could say: 'I stay updated by reading industry blogs and taking online courses, like a recent machine learning course that enhanced my skills.'"
What is your experience with project management?,"project,management,organize","For example, you could say: 'I managed a software project using Agile, coordinating sprints and deliverables to launch on time.'"
How do you handle conflicts in the workplace?,"conflict,resolve,communication","For example, you could say: 'I resolve conflicts through open communication, like when I mediated a team disagreement to align on project goals.'"
What are your career goals?,"career,goals,aspire,plan","For example, you could say: 'My career goal is to become a lead data scientist, leveraging my skills to drive innovation, as I’m currently doing by contributing to open-source projects.'"
What is your greatest strength?,"strength,skill,ability,expertise,talent","For example, you could say: 'My greatest strength is my problem-solving ability, demonstrated by leading a team to resolve a critical project issue under a tight deadline.'"
What is your biggest weakness?,"weakness,challenge,improve","For example, you could say: 'My biggest weakness is that I sometimes take on too many tasks, but I’ve been improving by prioritizing and delegating effectively, as shown in a recent project where I streamlined team workflows.'"
Why do you want this job?,"motivation,job,career,passion","For example, you could say: 'I’m excited about this role because it aligns with my passion for data analysis and offers opportunities to contribute to innovative projects, like I did when I optimized a company’s reporting system in my previous job.'"
Describe a challenge you faced and how you handled it.,"challenge,problem,solution,overcome","For example, you could say: 'In my last role, I faced a challenge when a key client project was at risk due to a technical issue. I led a team to troubleshoot the problem, implemented a solution under pressure, and delivered the project on time, earning client praise.'"
Where do you see yourself in five years?,"goals,career,vision,progress","For example, you could say: 'In five years, I see myself leading a team in software development, having grown my technical and leadership skills, as I’m currently doing by mentoring junior developers.'"
Why should we hire you?,"value,skills,contribution,fit","For example, you could say: 'You should hire me because my expertise in data science and proven track record of delivering insights, like increasing sales by 10% at my last job, will add immediate value to your team.'"
How do you handle stress and pressure?,"stress,pressure,manage,coping","For example, you could say: 'I handle stress by prioritizing tasks and staying organized, like when I managed a tight project deadline by breaking it into milestones, ensuring timely delivery.'"
What are your salary expectations?,"salary,compensation,expectations","For example, you could say: 'I’m looking for a salary that reflects my experience and the market rate for this role, ideally in the range of industry standards, and I’m open to discussing specifics.'"
Describe a time you worked in a team.,"team,collaboration,cooperation","For example, you could say: 'In my last role, I collaborated with a cross-functional team to launch a product, coordinating tasks and resolving conflicts to meet our deadline.'"
What motivates you to perform well?,"motivation,drive,passion","For example, you could say: 'I’m motivated by solving complex problems and seeing tangible results, like when I optimized a system that improved efficiency by 15%.'"
How do you prioritize tasks?,"prioritize,organization,manage","For example, you could say: 'I prioritize tasks based on urgency and impact, using tools like Trello, as I did to manage a project with multiple deliverables last year.'"
Describe a time you showed leadership.,"leadership,initiative,guide","For example, you could say: 'I took the lead on a stalled project, assigning tasks and motivating the team to deliver it two weeks ahead of schedule.'"
What is your approach to problem-solving?,"problem,solution,approach","For example, you could say: 'I approach problems systematically, analyzing root causes and testing solutions, like when I resolved a database issue by debugging and optimizing queries.'"
How do you handle feedback?,"feedback,receptive,improve","For example, you could say: 'I welcome feedback as a chance to grow, like when I used manager input to improve my presentation skills, leading to better client pitches.'"
What technical skills do you bring to this role?,"technical,skills,expertise","For example, you could say: 'I bring expertise in Python and SQL, used to build data pipelines that reduced processing time by 20% in my last role.'"
Describe a time you failed and what you learned.,"failure,learn,improve","For example, you could say: 'I once missed a project deadline due to poor planning, but I learned to use project management tools, ensuring success in future projects.'"
How do you stay updated in your field?,"learn,update,professional","For example, you could say: 'I stay updated by reading industry blogs and taking online courses, like a recent machine learning course that enhanced my skills.'"
What is your experience with project management?,"project,management,organize","For example, you could say: 'I managed a software project using Agile, coordinating sprints and deliverables to launch on time.'"
How do you handle conflicts in the workplace?,"conflict,resolve,communication","For example, you could say: 'I resolve conflicts through open communication, like when I mediated a team disagreement to align on project goals.'"
What are your career goals?,"career,goals,aspire,plan","For example, you could say: 'My career goal is to become a lead data scientist, leveraging my skills to drive innovation, as I’m currently doing by contributing to open-source projects.'"
What is your greatest strength?,"strength,skill,ability,expertise,talent","For example, you could say: 'My greatest strength is my problem-solving ability, demonstrated by leading a team to resolve a critical project issue under a tight deadline.'"
What is your biggest weakness?,"weakness,challenge,improve","For example, you could say: 'My biggest weakness is that I sometimes take on too many tasks, but I’ve been improving by prioritizing and delegating effectively, as shown in a recent project where I streamlined team workflows.'"
Why do you want this job?,"motivation,job,career,passion","For example, you could say: 'I’m excited about this role because it aligns with my passion for data analysis and offers opportunities to contribute to innovative projects, like I did when I optimized a company’s reporting system in my previous job.'"
Describe a challenge you faced and how you handled it.,"challenge,problem,solution,overcome","For example, you could say: 'In my last role, I faced a challenge when a key client project was at risk due to a technical issue. I led a team to troubleshoot the problem, implemented a solution under pressure, and delivered the project on time, earning client praise.'"
Where do you see yourself in five years?,"goals,career,vision,progress","For example, you could say: 'In five years, I see myself leading a team in software development, having grown my technical and leadership skills, as I’m currently doing by mentoring junior developers.'"
Why should we hire you?,"value,skills,contribution,fit","For example, you could say: 'You should hire me because my expertise in data science and proven track record of delivering insights, like increasing sales by 10% at my last job, will add immediate value to your team.'"
How do you handle stress and pressure?,"stress,pressure,manage,coping","For example, you could say: 'I handle stress by prioritizing tasks and staying organized, like when I managed a tight project deadline by breaking it into milestones, ensuring timely delivery.'"
What are your salary expectations?,"salary,compensation,expectations","For example, you could say: 'I’m looking for a salary that reflects my experience and the market rate for this role, ideally in the range of industry standards, and I’m open to discussing specifics.'"
Describe a time you worked in a team.,"team,collaboration,cooperation","For example, you could say: 'In my last role, I collaborated with a cross-functional team to launch a product, coordinating tasks and resolving conflicts to meet our deadline.'"
What motivates you to perform well?,"motivation,drive,passion","For example, you could say: 'I’m motivated by solving complex problems and seeing tangible results, like when I optimized a system that improved efficiency by 15%.'"
How do you prioritize tasks?,"prioritize,organization,manage","For example, you could say: 'I prioritize tasks based on urgency and impact, using tools like Trello, as I did to manage a project with multiple deliverables last year.'"
Describe a time you showed leadership.,"leadership,initiative,guide","For example, you could say: 'I took the lead on a stalled project, assigning tasks and motivating the team to deliver it two weeks ahead of schedule.'"
What is your approach to problem-solving?,"problem,solution,approach","For example, you could say: 'I approach problems systematically, analyzing root causes and testing solutions, like when I resolved a database issue by debugging and optimizing queries.'"
How do you handle feedback?,"feedback,receptive,improve","For example, you could say: 'I welcome feedback as a chance to grow, like when I used manager input to improve my presentation skills, leading to better client pitches.'"
What technical skills do you bring to this role?,"technical,skills,expertise","For example, you could say: 'I bring expertise in Python and SQL, used to build data pipelines that reduced processing time by 20% in my last role.'"
Describe a time you failed and what you learned.,"failure,learn,improve","For example, you could say: 'I once missed a project deadline due to poor planning, but I learned to use project management tools, ensuring success in future projects.'"
How do you stay updated in your field?,"learn,update,professional","For example, you could say: 'I stay updated by reading industry blogs and taking online courses, like a recent machine learning course that enhanced my skills.'"
What is your experience with project management?,"project,management,organize","For example, you could say: 'I managed a software project using Agile, coordinating sprints and deliverables to launch on time.'"
How do you handle conflicts in the workplace?,"conflict,resolve,communication","For example, you could say: 'I resolve conflicts through open communication, like when I mediated a team disagreement to align on project goals.'"
What are your career goals?,"career,goals,aspire,plan","For example, you could say: 'My career goal is to become a lead data scientist, leveraging my skills to drive innovation, as I’m currently doing by contributing to open-source projects.'"
What is your greatest strength?,"strength,skill,ability,expertise,talent","For example, you could say: 'My greatest strength is my problem-solving ability, demonstrated by leading a team to resolve a critical project issue under a tight deadline.'"
What is your biggest weakness?,"weakness,challenge,improve","For example, you could say: 'My biggest weakness is that I sometimes take on too many tasks, but I’ve been improving by prioritizing and delegating effectively, as shown in a recent project where I streamlined team workflows.'"
Why do you want this job?,"motivation,job,career,passion","For example, you could say: 'I’m excited about this role because it aligns with my passion for data analysis and offers opportunities to contribute to innovative projects, like I did when I optimized a company’s reporting system in my previous job.'"
Describe a challenge you faced and how you handled it.,"challenge,problem,solution,overcome","For example, you could say: 'In my last role, I faced a challenge when a key client project was at risk due to a technical issue. I led a team to troubleshoot the problem, implemented a solution under pressure, and delivered the project on time, earning client praise.'"
Where do you see yourself in five years?,"goals,career,vision,progress","For example, you could say: 'In five years, I see myself leading a team in software development, having grown my technical and leadership skills, as I’m currently doing by mentoring junior developers.'"
Why should we hire you?,"value,skills,contribution,fit","For example, you could say: 'You should hire me because my expertise in data science and proven track record of delivering insights, like increasing sales by 10% at my last job, will add immediate value to your team.'"
How do you handle stress and pressure?,"stress,pressure,manage,coping","For example, you could say: 'I handle stress by prioritizing tasks and staying organized, like when I managed a tight project deadline by breaking it into milestones, ensuring timely delivery.'"
What are your salary expectations?,"salary,compensation,expectations","For example, you could say: 'I’m looking for a salary that reflects my experience and the market rate for this role, ideally in the range of industry standards, and I’m open to discussing specifics.'"
Describe a time you worked in a team.,"team,collaboration,cooperation","For example, you could say: 'In my last role, I collaborated with a cross-functional team to launch a product, coordinating tasks and resolving conflicts to meet our deadline.'"
What motivates you to perform well?,"motivation,drive,passion","For example, you could say: 'I’m motivated by solving complex problems and seeing tangible results, like when I optimized a system that improved efficiency by 15%.'"
How do you prioritize tasks?,"prioritize,organization,manage","For example, you could say: 'I prioritize tasks based on urgency and impact, using tools like Trello, as I did to manage a project with multiple deliverables last year.'"
Describe a time you showed leadership.,"leadership,initiative,guide","For example, you could say: 'I took the lead on a stalled project, assigning tasks and motivating the team to deliver it two weeks ahead of schedule.'"
What is your approach to problem-solving?,"problem,solution,approach","For example, you could say: 'I approach problems systematically, analyzing root causes and testing solutions, like when I resolved a database issue by debugging and optimizing queries.'"
How do you handle feedback?,"feedback,receptive,improve","For example, you could say: 'I welcome feedback as a chance to grow, like when I used manager input to improve my presentation skills, leading to better client pitches.'"
What technical skills do you bring to this role?,"technical,skills,expertise","For example, you could say: 'I bring expertise in Python and SQL, used to build data pipelines that reduced processing time by 20% in my last role.'"
Describe a time you failed and what you learned.,"failure,learn,improve","For example, you could say: 'I once missed a project deadline due to poor planning, but I learned to use project management tools, ensuring success in future projects.'"
How do you stay updated in your field?,"learn,update,professional","For example, you could say: 'I stay updated by reading industry blogs and taking online courses, like a recent machine learning course that enhanced my skills.'"
What is your experience with project management?,"project,management,organize","For example, you could say: 'I managed a software project using Agile, coordinating sprints and deliverables to launch on time.'"
How do you handle conflicts in the workplace?,"conflict,resolve,communication","For example, you could say: 'I resolve conflicts through open communication, like when I mediated a team disagreement to align on project goals.'"
What are your career goals?,"career,goals,aspire,plan","For example, you could say: 'My career goal is to become a lead data scientist, leveraging my skills to drive innovation, as I’m currently doing by contributing to open-source projects.'"
What is your greatest strength?,"strength,skill,ability,expertise,talent","For example, you could say: 'My greatest strength is my problem-solving ability, demonstrated by leading a team to resolve a critical project issue under a tight deadline.'"
What is your biggest weakness?,"weakness,challenge,improve","For example, you could say: 'My biggest weakness is that I sometimes take on too many tasks, but I’ve been improving by prioritizing and delegating effectively, as shown in a recent project where I streamlined team workflows.'"
Why do you want this job?,"motivation,job,career,passion","For example, you could say: 'I’m excited about this role because it aligns with my passion for data analysis and offers opportunities to contribute to innovative projects, like I did when I optimized a company’s reporting system in my previous job.'"
Describe a challenge you faced and how you handled it.,"challenge,problem,solution,overcome","For example, you could say: 'In my last role, I faced a challenge when a key client project was at risk due to a technical issue. I led a team to troubleshoot the problem, implemented a solution under pressure, and delivered the project on time, earning client praise.'"
Where do you see yourself in five years?,"goals,career,vision,progress","For example, you could say: 'In five years, I see myself leading a team in software development, having grown my technical and leadership skills, as I’m currently doing by mentoring junior developers.'"
Why should we hire you?,"value,skills,contribution,fit","For example, you could say: 'You should hire me because my expertise in data science and proven track record of delivering insights, like increasing sales by 10% at my last job, will add immediate value to your team.'"
How do you handle stress and pressure?,"stress,pressure,manage,coping","For example, you could say: 'I handle stress by prioritizing tasks and staying organized, like when I managed a tight project deadline by breaking it into milestones, ensuring timely delivery.'"
What are your salary expectations?,"salary,compensation,expectations","For example, you could say: 'I’m looking for a salary that reflects my experience and the market rate for this role, ideally in the range of industry standards, and I’m open to discussing specifics.'"
Describe a time you worked in a team.,"team,collaboration,cooperation","For example, you could say: 'In my last role, I collaborated with a cross-functional team to launch a product, coordinating tasks and resolving conflicts to meet our deadline.'"
What motivates you to perform well?,"motivation,drive,passion","For example, you could say: 'I’m motivated by solving complex problems and seeing tangible results, like when I optimized a system that improved efficiency by 15%.'"
How do you prioritize tasks?,"prioritize,organization,manage","For example, you could say: 'I prioritize tasks based on urgency and impact, using tools like Trello, as I did to manage a project with multiple deliverables last year.'"
Describe a time you showed leadership.,"leadership,initiative,guide","For example, you could say: 'I took the lead on a stalled project, assigning tasks and motivating the team to deliver it two weeks ahead of schedule.'"
What is your approach to problem-solving?,"problem,solution,approach","For example, you could say: 'I approach problems systematically, analyzing root causes and testing solutions, like when I resolved a database issue by debugging and optimizing queries.'"
How do you handle feedback?,"feedback,receptive,improve","For example, you could say: 'I welcome feedback as a chance to grow, like when I used manager input to improve my presentation skills, leading to better client pitches.'"
What technical skills do you bring to this role?,"technical,skills,expertise","For example, you could say: 'I bring expertise in Python and SQL, used to build data pipelines that reduced processing time by 20% in my last role.'"
Describe a time you failed and what you learned.,"failure,learn,improve","For example, you could say: 'I once missed a project deadline due to poor planning, but I learned to use project management tools, ensuring success in future projects.'"
How do you stay updated in your field?,"learn,update,professional","For example, you could say: 'I stay updated by reading industry blogs and taking online courses, like a recent machine learning course that enhanced my skills.'"
What is your experience with project management?,"project,management,organize","For example, you could say: 'I managed a software project using Agile, coordinating sprints and deliverables to launch on time.'"
How do you handle conflicts in the workplace?,"conflict,resolve,communication","For example, you could say: 'I resolve conflicts through open communication, like when I mediated a team disagreement to align on project goals.'"
What are your career goals?,"career,goals,aspire,plan","For example, you could say: 'My career goal is to become a lead data scientist, leveraging my skills to drive innovation, as I’m currently doing by contributing to open-source projects.'"
What is your greatest strength?,"strength,skill,ability,expertise,talent","For example, you could say: 'My greatest strength is my problem-solving ability, demonstrated by leading a team to resolve a critical project issue under a tight deadline.'"
What is your biggest weakness?,"weakness,challenge,improve","For example, you could say: 'My biggest weakness is that I sometimes take on too many tasks, but I’ve been improving by prioritizing and delegating effectively, as shown in a recent project where I streamlined team workflows.'"
Why do you want this job?,"motivation,job,career,passion","For example, you could say: 'I’m excited about this role because it aligns with my passion for data analysis and offers opportunities to contribute to innovative projects, like I did when I optimized a company’s reporting system in my previous job.'"
Describe a challenge you faced and how you handled it.,"challenge,problem,solution,overcome","For example, you could say: 'In my last role, I faced a challenge when a key client project was at risk due to a technical issue. I led a team to troubleshoot the problem, implemented a solution under pressure, and delivered the project on time, earning client praise.'"
Where do you see yourself in five years?,"goals,career,vision,progress","For example, you could say: 'In five years, I see myself leading a team in software development, having grown my technical and leadership skills, as I’m currently doing by mentoring junior developers.'"
Why should we hire you?,"value,skills,contribution,fit","For example, you could say: 'You should hire me because my expertise in data science and proven track record of delivering insights, like increasing sales by 10% at my last job, will add immediate value to your team.'"
How do you handle stress and pressure?,"stress,pressure,manage,coping","For example, you could say: 'I handle stress by prioritizing tasks and staying organized, like when I managed a tight project deadline by breaking it into milestones, ensuring timely delivery.'"
What are your salary expectations?,"salary,compensation,expectations","For example, you could say: 'I’m looking for a salary that reflects my experience and the market rate for this role, ideally in the range of industry standards, and I’m open to discussing specifics.'"
Describe a time you worked in a team.,"team,collaboration,cooperation","For example, you could say: 'In my last role, I collaborated with a cross-functional team to launch a product, coordinating tasks and resolving conflicts to meet our deadline.'"
What motivates you to perform well?,"motivation,drive,passion","For example, you could say: 'I’m motivated by solving complex problems and seeing tangible results, like when I optimized a system that improved efficiency by 15%.'"
How do you prioritize tasks?,"prioritize,organization,manage","For example, you could say: 'I prioritize tasks based on urgency and impact, using tools like Trello, as I did to manage a project with multiple deliverables last year.'"
Describe a time you showed leadership.,"leadership,initiative,guide","For example, you could say: 'I took the lead on a stalled project, assigning tasks and motivating the team to deliver it two weeks ahead of schedule.'"
What is your approach to problem-solving?,"problem,solution,approach","For example, you could say: 'I approach problems systematically, analyzing root causes and testing solutions, like when I resolved a database issue by debugging and optimizing queries.'"
How do you handle feedback?,"feedback,receptive,improve","For example, you could say: 'I welcome feedback as a chance to grow, like when I used manager input to improve my presentation skills, leading to better client pitches.'"
What technical skills do you bring to this role?,"technical,skills,expertise","For example, you could say: 'I bring expertise in Python and SQL, used to build data pipelines that reduced processing time by 20% in my last role.'"
Describe a time you failed and what you learned.,"failure,learn,improve","For example, you could say: 'I once missed a project deadline due to poor planning, but I learned to use project management tools, ensuring success in future projects.'"
How do you stay updated in your field?,"learn,update,professional","For example, you could say: 'I stay updated by reading industry blogs and taking online courses, like a recent machine learning course that enhanced my skills.'"
What is your experience with project management?,"project,management,organize","For example, you could say: 'I managed a software project using Agile, coordinating sprints and deliverables to launch on time.'"
How do you handle conflicts in the workplace?,"conflict,resolve,communication","For example, you could say: 'I resolve conflicts through open communication, like when I mediated a team disagreement to align on project goals.'"
What are your career goals?,"career,goals,aspire,plan","For example, you could say: 'My career goal is to become a lead data scientist, leveraging my skills to drive innovation, as I’m currently doing by contributing to open-source projects.'"
What is your greatest strength?,"strength,skill,ability,expertise,talent","For example, you could say: 'My greatest strength is my problem-solving ability, demonstrated by leading a team to resolve a critical project issue under a tight deadline.'"
What is your biggest weakness?,"weakness,challenge,improve","For example, you could say: 'My biggest weakness is that I sometimes take on too many tasks, but I’ve been improving by prioritizing and delegating effectively, as shown in a recent project where I streamlined team workflows.'"
Why do you want this job?,"motivation,job,career,passion","For example, you could say: 'I’m excited about this role because it aligns with my passion for data analysis and offers opportunities to contribute to innovative projects, like I did when I optimized a company’s reporting system in my previous job.'"
Describe a challenge you faced and how you handled it.,"challenge,problem,solution,overcome","For example, you could say: 'In my last role, I faced a challenge when a key client project was at risk due to a technical issue. I led a team to troubleshoot the problem, implemented a solution under pressure, and delivered the project on time, earning client praise.'"
Where do you see yourself in five years?,"goals,career,vision,progress","For example, you could say: 'In five years, I see myself leading a team in software development, having grown my technical and leadership skills, as I’m currently doing by mentoring junior developers.'"
Why should we hire you?,"value,skills,contribution,fit","For example, you could say: 'You should hire me because my expertise in data science and proven track record of delivering insights, like increasing sales by 10% at my last job, will add immediate value to your team.'"
How do you handle stress and pressure?,"stress,pressure,manage,coping","For example, you could say: 'I handle stress by prioritizing tasks and staying organized, like when I managed a tight project deadline by breaking it into milestones, ensuring timely delivery.'"
What are your salary expectations?,"salary,compensation,expectations","For example, you could say: 'I’m looking for a salary that reflects my experience and the market rate for this role, ideally in the range of industry standards, and I’m open to discussing specifics.'"
Describe a time you worked in a team.,"team,collaboration,cooperation","For example, you could say: 'In my last role, I collaborated with a cross-functional team to launch a product, coordinating tasks and resolving conflicts to meet our deadline.'"
What motivates you to perform well?,"motivation,drive,passion","For example, you could say: 'I’m motivated by solving complex problems and seeing tangible results, like when I optimized a system that improved efficiency by 15%.'"
How do you prioritize tasks?,"prioritize,organization,manage","For example, you could say: 'I prioritize tasks based on urgency and impact, using tools like Trello, as I did to manage a project with multiple deliverables last year.'"
Describe a time you showed leadership.,"leadership,initiative,guide","For example, you could say: 'I took the lead on a stalled project, assigning tasks and motivating the team to deliver it two weeks ahead of schedule.'"
What is your approach to problem-solving?,"problem,solution,approach","For example, you could say: 'I approach problems systematically, analyzing root causes and testing solutions, like when I resolved a database issue by debugging and optimizing queries.'"
How do you handle feedback?,"feedback,receptive,improve","For example, you could say: 'I welcome feedback as a chance to grow, like when I used manager input to improve my presentation skills, leading to better client pitches.'"
What technical skills do you bring to this role?,"technical,skills,expertise","For example, you could say: 'I bring expertise in Python and SQL, used to build data pipelines that reduced processing time by 20% in my last role.'"
Describe a time you failed and what you learned.,"failure,learn,improve","For example, you could say: 'I once missed a project deadline due to poor planning, but I learned to use project management tools, ensuring success in future projects.'"
How do you stay updated in your field?,"learn,update,professional","For example, you could say: 'I stay updated by reading industry blogs and taking online courses, like a recent machine learning course that enhanced my skills.'"
What is your experience with project management?,"project,management,organize","For example, you could say: 'I managed a software project using Agile, coordinating sprints and deliverables to launch on time.'"
How do you handle conflicts in the workplace?,"conflict,resolve,communication","For example, you could say: 'I resolve conflicts through open communication, like when I mediated a team disagreement to align on project goals.'"
What are your career goals?,"career,goals,aspire,plan","For example, you could say: 'My career goal is to become a lead data scientist, leveraging my skills to drive innovation, as I’m currently doing by contributing to open-source projects.'"
What is your greatest strength?,"strength,skill,ability,expertise,talent","For example, you could say: 'My greatest strength is my problem-solving ability, demonstrated by leading a team to resolve a critical project issue under a tight deadline.'"
What is your biggest weakness?,"weakness,challenge,improve","For example, you could say: 'My biggest weakness is that I sometimes take on too many tasks, but I’ve been improving by prioritizing and delegating effectively, as shown in a recent project where I streamlined team workflows.'"
Why do you want this job?,"motivation,job,career,passion","For example, you could say: 'I’m excited about this role because it aligns with my passion for data analysis and offers opportunities to contribute to innovative projects, like I did when I optimized a company’s reporting system in my previous job.'"
Describe a challenge you faced and how you handled it.,"challenge,problem,solution,overcome","For example, you could say: 'In my last role, I faced a challenge when a key client project was at risk due to a technical issue. I led a team to troubleshoot the problem, implemented a solution under pressure, and delivered the project on time, earning client praise.'"
Where do you see yourself in five years?,"goals,career,vision,progress","For example, you could say: 'In five years, I see myself leading a team in software development, having grown my technical and leadership skills, as I’m currently doing by mentoring junior developers.'"
Why should we hire you?,"value,skills,contribution,fit","For example, you could say: 'You should hire me because my expertise in data science and proven track record of delivering insights, like increasing sales by 10% at my last job, will add immediate value to your team.'"
How do you handle stress and pressure?,"stress,pressure,manage,coping","For example, you could say: 'I handle stress by prioritizing tasks and staying organized, like when I managed a tight project deadline by breaking it into milestones, ensuring timely delivery.'"
What are your salary expectations?,"salary,compensation,expectations","For example, you could say: 'I’m looking for a salary that reflects my experience and the market rate for this role, ideally in the range of industry standards, and I’m open to discussing specifics.'"
Describe a time you worked in a team.,"team,collaboration,cooperation","For example, you could say: 'In my last role, I collaborated with a cross-functional team to launch a product, coordinating tasks and resolving conflicts to meet our deadline.'"
What motivates you to perform well?,"motivation,drive,passion","For example, you could say: 'I’m motivated by solving complex problems and seeing tangible results, like when I optimized a system that improved efficiency by 15%.'"
How do you prioritize tasks?,"prioritize,organization,manage","For example, you could say: 'I prioritize tasks based on urgency and impact, using tools like Trello, as I did to manage a project with multiple deliverables last year.'"
Describe a time you showed leadership.,"leadership,initiative,guide","For example, you could say: 'I took the lead on a stalled project, assigning tasks and motivating the team to deliver it two weeks ahead of schedule.'"
What is your approach to problem-solving?,"problem,solution,approach","For example, you could say: 'I approach problems systematically, analyzing root causes and testing solutions, like when I resolved a database issue by debugging and optimizing queries.'"
How do you handle feedback?,"feedback,receptive,improve","For example, you could say: 'I welcome feedback as a chance to grow, like when I used manager input to improve my presentation skills, leading to better client pitches.'"
What technical skills do you bring to this role?,"technical,skills,expertise","For example, you could say: 'I bring expertise in Python and SQL, used to build data pipelines that reduced processing time by 20% in my last role.'"
Describe a time you failed and what you learned.,"failure,learn,improve","For example, you could say: 'I once missed a project deadline due to poor planning, but I learned to use project management tools, ensuring success in future projects.'"
How do you stay updated in your field?,"learn,update,professional","For example, you could say: 'I stay updated by reading industry blogs and taking online courses, like a recent machine learning course that enhanced my skills.'"
What is your experience with project management?,"project,management,organize","For example, you could say: 'I managed a software project using Agile, coordinating sprints and deliverables to launch on time.'"
How do you handle conflicts in the workplace?,"conflict,resolve,communication","For example, you could say: 'I resolve conflicts through open communication, like when I mediated a team disagreement to align on project goals.'"
What are your career goals?,"career,goals,aspire,plan","For example, you could say: 'My career goal is to become a lead data scientist, leveraging my skills to drive innovation, as I’m currently doing by contributing to open-source projects.'"
What is your greatest strength?,"strength,skill,ability,expertise,talent","For example, you could say: 'My greatest strength is my problem-solving ability, demonstrated by leading a team to resolve a critical project issue under a tight deadline.'"
What is your biggest weakness?,"weakness,challenge,improve","For example, you could say: 'My biggest weakness is that I sometimes take on too many tasks, but I’ve been improving by prioritizing and delegating effectively, as shown in a recent project where I streamlined team workflows.'"
Why do you want this job?,"motivation,job,career,passion","For example, you could say: 'I’m excited about this role because it aligns with my passion for data analysis and offers opportunities to contribute to innovative projects, like I did when I optimized a company’s reporting system in my previous job.'"
Describe a challenge you faced and how you handled it.,"challenge,problem,solution,overcome","For example, you could say: 'In my last role, I faced a challenge when a key client project was at risk due to a technical issue. I led a team to troubleshoot the problem, implemented a solution under pressure, and delivered the project on time, earning client praise.'"
Where do you see yourself in five years?,"goals,career,vision,progress","For example, you could say: 'In five years, I see myself leading a team in software development, having grown my technical and leadership skills, as I’m currently doing by mentoring junior developers.'"
Why should we hire you?,"value,skills,contribution,fit","For example, you could say: 'You should hire me because my expertise in data science and proven track record of delivering insights, like increasing sales by 10% at my last job, will add immediate value to your team.'"
How do you handle stress and pressure?,"stress,pressure,manage,coping","For example, you could say: 'I handle stress by prioritizing tasks and staying organized, like when I managed a tight project deadline by breaking it into milestones, ensuring timely delivery.'"
What are your salary expectations?,"salary,compensation,expectations","For example, you could say: 'I’m looking for a salary that reflects my experience and the market rate for this role, ideally in the range of industry standards, and I’m open to discussing specifics.'"
Describe a time you worked in a team.,"team,collaboration,cooperation","For example, you could say: 'In my last role, I collaborated with a cross-functional team to launch a product, coordinating tasks and resolving conflicts to meet our deadline.'"
What motivates you to perform well?,"motivation,drive,passion","For example, you could say: 'I’m motivated by solving complex problems and seeing tangible results, like when I optimized a system that improved efficiency by 15%.'"
How do you prioritize tasks?,"prioritize,organization,manage","For example, you could say: 'I prioritize tasks based on urgency and impact, using tools like Trello, as I did to manage a project with multiple deliverables last year.'"
Describe a time you showed leadership.,"leadership,initiative,guide","For example, you could say: 'I took the lead on a stalled project, assigning tasks and motivating the team to deliver it two weeks ahead of schedule.'"
What is your approach to problem-solving?,"problem,solution,approach","For example, you could say: 'I approach problems systematically, analyzing root causes and testing solutions, like when I resolved a database issue by debugging and optimizing queries.'"
How do you handle feedback?,"feedback,receptive,improve","For example, you could say: 'I welcome feedback as a chance to grow, like when I used manager input to improve my presentation skills, leading to better client pitches.'"
What technical skills do you bring to this role?,"technical,skills,expertise","For example, you could say: 'I bring expertise in Python and SQL, used to build data pipelines that reduced processing time by 20% in my last role.'"
Describe a time you failed and what you learned.,"failure,learn,improve","For example, you could say: 'I once missed a project deadline due to poor planning, but I learned to use project management tools, ensuring success in future projects.'"
How do you stay updated in your field?,"learn,update,professional","For example, you could say: 'I stay updated by reading industry blogs and taking online courses, like a recent machine learning course that enhanced my skills.'"
What is your experience with project management?,"project,management,organize","For example, you could say: 'I managed a software project using Agile, coordinating sprints and deliverables to launch on time.'"
How do you handle conflicts in the workplace?,"conflict,resolve,communication","For example, you could say: 'I resolve conflicts through open communication, like when I mediated a team disagreement to align on project goals.'"
What are your career goals?,"career,goals,aspire,plan","For example, you could say: 'My career goal is to become a lead data scientist, leveraging my skills to drive innovation, as I’m currently doing by contributing to open-source projects.'"
What is your greatest strength?,"strength,skill,ability,expertise,talent","For example, you could say: 'My greatest strength is my problem-solving ability, demonstrated by leading a team to resolve a critical project issue under a tight deadline.'"
What is your biggest weakness?,"weakness,challenge,improve","For example, you could say: 'My biggest weakness is that I sometimes take on too many tasks, but I’ve been improving by prioritizing and delegating effectively, as shown in a recent project where I streamlined team workflows.'"
Why do you want this job?,"motivation,job,career,passion","For example, you could say: 'I’m excited about this role because it aligns with my passion for data analysis and offers opportunities to contribute to innovative projects, like I did when I optimized a company’s reporting system in my previous job.'"
Describe a challenge you faced and how you handled it.,"challenge,problem,solution,overcome","For example, you could say: 'In my last role, I faced a challenge when a key client project was at risk due to a technical issue. I led a team to troubleshoot the problem, implemented a solution under pressure, and delivered the project on time, earning client praise.'"
Where do you see yourself in five years?,"goals,career,vision,progress","For example, you could say: 'In five years, I see myself leading a team in software development, having grown my technical and leadership skills, as I’m currently doing by mentoring junior developers.'"
Why should we hire you?,"value,skills,contribution,fit","For example, you could say: 'You should hire me because my expertise in data science and proven track record of delivering insights, like increasing sales by 10% at my last job, will add immediate value to your team.'"
How do you handle stress and pressure?,"stress,pressure,manage,coping","For example, you could say: 'I handle stress by prioritizing tasks and staying organized, like when I managed a tight project deadline by breaking it into milestones, ensuring timely delivery.'"
What are your salary expectations?,"salary,compensation,expectations","For example, you could say: 'I’m looking for a salary that reflects my experience and the market rate for this role, ideally in the range of industry standards, and I’m open to discussing specifics.'"
Describe a time you worked in a team.,"team,collaboration,cooperation","For example, you could say: 'In my last role, I collaborated with a cross-functional team to launch a product, coordinating tasks and resolving conflicts to meet our deadline.'"
What motivates you to perform well?,"motivation,drive,passion","For example, you could say: 'I’m motivated by solving complex problems and seeing tangible results, like when I optimized a system that improved efficiency by 15%.'"
How do you prioritize tasks?,"prioritize,organization,manage","For example, you could say: 'I prioritize tasks based on urgency and impact, using tools like Trello, as I did to manage a project with multiple deliverables last year.'"
Describe a time you showed leadership.,"leadership,initiative,guide","For example, you could say: 'I took the lead on a stalled project, assigning tasks and motivating the team to deliver it two weeks ahead of schedule.'"
What is your approach to problem-solving?,"problem,solution,approach","For example, you could say: 'I approach problems systematically, analyzing root causes and testing solutions, like when I resolved a database issue by debugging and optimizing queries.'"
How do you handle feedback?,"feedback,receptive,improve","For example, you could say: 'I welcome feedback as a chance to grow, like when I used manager input to improve my presentation skills, leading to better client pitches.'"
What technical skills do you bring to this role?,"technical,skills,expertise","For example, you could say: 'I bring expertise in Python and SQL, used to build data pipelines that reduced processing time by 20% in my last role.'"
Describe a time you failed and what you learned.,"failure,learn,improve","For example, you could say: 'I once missed a project deadline due to poor planning, but I learned to use project management tools, ensuring success in future projects.'"
How do you stay updated in your field?,"learn,update,professional","For example, you could say: 'I stay updated by reading industry blogs and taking online courses, like a recent machine learning course that enhanced my skills.'"
What is your experience with project management?,"project,management,organize","For example, you could say: 'I managed a software project using Agile, coordinating sprints and deliverables to launch on time.'"
How do you handle conflicts in the workplace?,"conflict,resolve,communication","For example, you could say: 'I resolve conflicts through open communication, like when I mediated a team disagreement to align on project goals.'"
What are your career goals?,"career,goals,aspire,plan","For example, you could say: 'My career goal is to become a lead data scientist, leveraging my skills to drive innovation, as I’m currently doing by contributing to open-source projects.'"
